INSERT INTO "management"."user" ("id", "first_name", "last_name", "main_email", "document_number", "phone_number", "profile_photo", "birth_date", "user_gender", "is_active", "creator_id", "created_at", "updated_at") VALUES ('436d12f3-d23e-4346-b847-37188521a968', 'Anthony', 'Stark', 'iron.man@avengers.com', '10775576042', '16988776655', null, '1990-04-28', 'CIS_MALE', true, '436d12f3-d23e-4346-b847-37188521a968', NOW(), NOW());
INSERT INTO "management"."user" ("id", "first_name", "last_name", "main_email", "document_number", "phone_number", "profile_photo", "birth_date", "user_gender", "is_active", "creator_id", "created_at", "updated_at") VALUES ('2ba86417-aeb0-46f6-9011-61e0aa3593f0', 'Steve', 'Rogers', 'captain.america@avengers.com', '47851306019', '14900112233', null, '1991-05-29', 'CIS_MALE', true, '2ba86417-aeb0-46f6-9011-61e0aa3593f0', NOW(), NOW());
INSERT INTO "management"."user" ("id", "first_name", "last_name", "main_email", "document_number", "phone_number", "profile_photo", "birth_date", "user_gender", "is_active", "creator_id", "created_at", "updated_at") VALUES ('5f5be08f-aed5-42f2-bbc5-e55bff4528af', 'Natasha', 'Romanoff', 'black.widow@avengers.com', '93552381007', '12974183652', null, '1992-06-30', 'CIS_FEMALE', true, '5f5be08f-aed5-42f2-bbc5-e55bff4528af', NOW(), NOW());
INSERT INTO "management"."user" ("id", "first_name", "last_name", "main_email", "document_number", "phone_number", "profile_photo", "birth_date", "user_gender", "is_active", "creator_id", "created_at", "updated_at") VALUES ('33a7c837-92f3-4a8d-b6ba-1ad75b5f0656', 'Bruce', 'Banner', 'the.hulk@avengers.com', '05564611004', '10901234567', null, '1993-07-15', 'CIS_MALE', true, '33a7c837-92f3-4a8d-b6ba-1ad75b5f0656', NOW(), NOW());
INSERT INTO "management"."user" ("id", "first_name", "last_name", "main_email", "document_number", "phone_number", "profile_photo", "birth_date", "user_gender", "is_active", "creator_id", "created_at", "updated_at") VALUES ('46daf531-114f-495d-83de-bcb67b4c493d', 'Wanda', 'Maximoff', 'scarlet.witch@avengers.com', '88410776030', null, null, null, null, true, '46daf531-114f-495d-83de-bcb67b4c493d', NOW(), NOW());
INSERT INTO "management"."user" ("id", "first_name", "last_name", "main_email", "document_number", "phone_number", "profile_photo", "birth_date", "user_gender", "is_active", "creator_id", "created_at", "updated_at") VALUES ('2d891ac7-8ad8-441a-9d49-ea8011ea9390', 'Thor', 'Odinson', 'thor.odinson@avengers.com', '91226550002', null, null, null, null, true, '2d891ac7-8ad8-441a-9d49-ea8011ea9390', NOW(), NOW());

INSERT INTO "management"."user_role" ("id", "user_id", "role_authority", "created_at", "updated_at") VALUES ('a200c0fb-835b-4d93-8fc1-ab2a29143828', '436d12f3-d23e-4346-b847-37188521a968', 'MASTER', NOW(), NOW());
INSERT INTO "management"."user_role" ("id", "user_id", "role_authority", "created_at", "updated_at") VALUES ('110a07da-70fa-49c7-9f96-16fa4881ec2b', '436d12f3-d23e-4346-b847-37188521a968', 'ROLE_USER_READ', NOW(), NOW());
INSERT INTO "management"."user_role" ("id", "user_id", "role_authority", "created_at", "updated_at") VALUES ('3edda985-d461-4dab-a306-cd587aaefa2e', '436d12f3-d23e-4346-b847-37188521a968', 'ROLE_USER_CREATE', NOW(), NOW());
INSERT INTO "management"."user_role" ("id", "user_id", "role_authority", "created_at", "updated_at") VALUES ('0fd607dc-e34f-4cdd-8375-180521ed4790', '436d12f3-d23e-4346-b847-37188521a968', 'ROLE_USER_UPDATE', NOW(), NOW());
INSERT INTO "management"."user_role" ("id", "user_id", "role_authority", "created_at", "updated_at") VALUES ('480e27fe-5c9a-44d8-9804-c79e3f622562', '436d12f3-d23e-4346-b847-37188521a968', 'ROLE_GROUP_READ', NOW(), NOW());
INSERT INTO "management"."user_role" ("id", "user_id", "role_authority", "created_at", "updated_at") VALUES ('ad8ab8f5-0a6c-4118-ac32-14ee5169582f', '436d12f3-d23e-4346-b847-37188521a968', 'ROLE_GROUP_CREATE', NOW(), NOW());
INSERT INTO "management"."user_role" ("id", "user_id", "role_authority", "created_at", "updated_at") VALUES ('d3b075ae-fa39-4bc0-a55c-2b1b73dc891d', '436d12f3-d23e-4346-b847-37188521a968', 'ROLE_GROUP_UPDATE', NOW(), NOW());
INSERT INTO "management"."user_role" ("id", "user_id", "role_authority", "created_at", "updated_at") VALUES ('57a24171-280d-4d4e-8006-10b17f02f271', '436d12f3-d23e-4346-b847-37188521a968', 'ROLE_GROUP_DELETE', NOW(), NOW());
INSERT INTO "management"."user_role" ("id", "user_id", "role_authority", "created_at", "updated_at") VALUES ('49ff9439-49a2-4241-8c3a-63307cfd74af', '2ba86417-aeb0-46f6-9011-61e0aa3593f0', 'ROLE_USER_READ', NOW(), NOW());
INSERT INTO "management"."user_role" ("id", "user_id", "role_authority", "created_at", "updated_at") VALUES ('dbcca745-8931-4072-9c49-92f574960c9d', '2ba86417-aeb0-46f6-9011-61e0aa3593f0', 'ROLE_GROUP_READ', NOW(), NOW());
INSERT INTO "management"."user_role" ("id", "user_id", "role_authority", "created_at", "updated_at") VALUES ('5d2a7f87-ef86-4e87-ba66-2522407ba8b2', '2d891ac7-8ad8-441a-9d49-ea8011ea9390', 'ROLE_USER_READ', NOW(), NOW());
INSERT INTO "management"."user_role" ("id", "user_id", "role_authority", "created_at", "updated_at") VALUES ('6aee3bdd-5342-4e7b-9eb5-f9b8decb177e', '2d891ac7-8ad8-441a-9d49-ea8011ea9390', 'ROLE_USER_CREATE', NOW(), NOW());
INSERT INTO "management"."user_role" ("id", "user_id", "role_authority", "created_at", "updated_at") VALUES ('b8d37013-a8e1-4f89-ab04-37330fee108d', '2d891ac7-8ad8-441a-9d49-ea8011ea9390', 'ROLE_GROUP_READ', NOW(), NOW());
INSERT INTO "management"."user_role" ("id", "user_id", "role_authority", "created_at", "updated_at") VALUES ('05a1f3b5-0d51-4eae-95aa-62f20b8d2210', '2d891ac7-8ad8-441a-9d49-ea8011ea9390', 'ROLE_GROUP_CREATE', NOW(), NOW());

INSERT INTO "management"."group"("id", "group_name", "group_description", "is_active", "creator_id", "created_at", "updated_at") VALUES ('dc25382c-6fe3-4ee5-a12e-59c8fd3b5442', 'The Avengers', 'The Avengers - Protectors of the Earth', true, '436d12f3-d23e-4346-b847-37188521a968', NOW(), NOW());
INSERT INTO "management"."group"("id", "group_name", "group_description", "is_active", "creator_id", "created_at", "updated_at") VALUES ('1f85e146-32ac-4fdd-a3ae-e97a55978c99', 'Team Iron Man', null, true, '436d12f3-d23e-4346-b847-37188521a968', NOW(), NOW());
INSERT INTO "management"."group"("id", "group_name", "group_description", "is_active", "creator_id", "created_at", "updated_at") VALUES ('b63a98f7-f111-4171-98cb-3f9e25a80890', 'Team Captain America', null, true, '436d12f3-d23e-4346-b847-37188521a968', NOW(), NOW());
INSERT INTO "management"."group"("id", "group_name", "group_description", "is_active", "creator_id", "created_at", "updated_at") VALUES ('a1400649-ab5c-4501-a4c9-4614608afd4b', 'X-Men', null, true, '436d12f3-d23e-4346-b847-37188521a968', NOW(), NOW());
INSERT INTO "management"."group"("id", "group_name", "group_description", "is_active", "creator_id", "created_at", "updated_at") VALUES ('096e5d76-b40b-4668-9515-68963d0db7ca', 'Guardians of the Galaxy', null, true, '436d12f3-d23e-4346-b847-37188521a968', NOW(), NOW());

INSERT INTO "management"."user_group"("id", "user_id", "group_id", "created_at", "updated_at") VALUES ('fc2215c4-fb34-4ede-8788-9143896e83fc', '436d12f3-d23e-4346-b847-37188521a968', 'dc25382c-6fe3-4ee5-a12e-59c8fd3b5442', NOW(), NOW());
INSERT INTO "management"."user_group"("id", "user_id", "group_id", "created_at", "updated_at") VALUES ('886e2dbb-77ee-4748-b82f-70ceb0695e75', '436d12f3-d23e-4346-b847-37188521a968', '1f85e146-32ac-4fdd-a3ae-e97a55978c99', NOW(), NOW());
INSERT INTO "management"."user_group"("id", "user_id", "group_id", "created_at", "updated_at") VALUES ('e490f74c-aa06-48a4-92fe-d34c3c81aa1b', '5f5be08f-aed5-42f2-bbc5-e55bff4528af', 'dc25382c-6fe3-4ee5-a12e-59c8fd3b5442', NOW(), NOW());
INSERT INTO "management"."user_group"("id", "user_id", "group_id", "created_at", "updated_at") VALUES ('d255abe3-df6e-4631-9bb6-059d1ef71eaa', '5f5be08f-aed5-42f2-bbc5-e55bff4528af', 'b63a98f7-f111-4171-98cb-3f9e25a80890', NOW(), NOW());
INSERT INTO "management"."user_group"("id", "user_id", "group_id", "created_at", "updated_at") VALUES ('22fae625-826e-44c6-a902-68fd2f4aad41', '2d891ac7-8ad8-441a-9d49-ea8011ea9390', 'dc25382c-6fe3-4ee5-a12e-59c8fd3b5442', NOW(), NOW());
INSERT INTO "management"."user_group"("id", "user_id", "group_id", "created_at", "updated_at") VALUES ('9145e1d3-63ab-4a73-a476-6ea19c4643b3', '2d891ac7-8ad8-441a-9d49-ea8011ea9390', 'a1400649-ab5c-4501-a4c9-4614608afd4b', NOW(), NOW());
