CREATE EXTENSION IF NOT EXISTS "unaccent" SCHEMA "public";

CREATE OR REPLACE FUNCTION "public"."unaccented_lower"(text) RETURNS text
    LANGUAGE SQL
    IMMUTABLE AS
'SELECT public.unaccent(lower($1))';

ALTER SYSTEM SET track_commit_timestamp = ON;

-- -----------------------------------------------------
-- Schema vida-management
-- -----------------------------------------------------
CREATE SCHEMA "management";

-- -----------------------------------------------------
-- Table "management"."user"
-- -----------------------------------------------------
CREATE TABLE "management"."user"
(
    "id"              UUID                        NOT NULL,
    "first_name"      VARCHAR(250)                NOT NULL,
    "last_name"       VARCHAR(250)                NOT NULL,
    "main_email"      VARCHAR(250)                NOT NULL,
    "document_number" VARCHAR(250)                NOT NULL,
    "phone_number"    VARCHAR(250)                NULL,
    "profile_photo"   VARCHAR(250)                NULL,
    "birth_date"      DATE                        NULL,
    "user_gender"     VARCHAR(50)                 NULL,
    "is_active"       BOOLEAN                     NOT NULL,
    "creator_id"      UUID                        NOT NULL,
    "created_at"      TIMESTAMP(6) WITH TIME ZONE NOT NULL,
    "updated_at"      TIMESTAMP(6) WITH TIME ZONE NOT NULL
);

ALTER TABLE "management"."user" ADD CONSTRAINT "pk_user" PRIMARY KEY ("id");

ALTER TABLE "management"."user" ADD CONSTRAINT "un_user_main_email" UNIQUE ("main_email");
ALTER TABLE "management"."user" ADD CONSTRAINT "un_user_document_number" UNIQUE ("document_number");

ALTER TABLE "management"."user" ADD CONSTRAINT "fk_user_creator" FOREIGN KEY ("creator_id") REFERENCES "management"."user" ("id") ON DELETE RESTRICT ON UPDATE RESTRICT;

CREATE INDEX "dx_user_creator_id" ON "management"."user" ("creator_id");
CREATE INDEX "dx_user_first_name" ON "management"."user" ("public"."unaccented_lower"("first_name"));
CREATE INDEX "dx_user_last_name" ON "management"."user" ("public"."unaccented_lower"("last_name"));
CREATE INDEX "dx_user_main_email" ON "management"."user" ("public"."unaccented_lower"("main_email"));
CREATE INDEX "dx_user_created_at" ON "management"."user" ("created_at");
CREATE INDEX "dx_user_updated_at" ON "management"."user" ("updated_at");

-- -----------------------------------------------------
-- Table "management"."group"
-- -----------------------------------------------------
CREATE TABLE "management"."group"
(
    "id"                UUID                        NOT NULL,
    "group_name"        VARCHAR(250)                NOT NULL,
    "group_description" VARCHAR(250)                NULL,
    "is_active"         BOOLEAN                     NOT NULL,
    "creator_id"        UUID                        NOT NULL,
    "created_at"        TIMESTAMP(6) WITH TIME ZONE NOT NULL,
    "updated_at"        TIMESTAMP(6) WITH TIME ZONE NOT NULL
);

ALTER TABLE "management"."group" ADD CONSTRAINT "pk_group" PRIMARY KEY ("id");

ALTER TABLE "management"."group" ADD CONSTRAINT "un_group_group_name" UNIQUE ("group_name");

ALTER TABLE "management"."group" ADD CONSTRAINT "fk_group_creator" FOREIGN KEY ("creator_id") REFERENCES "management"."user" ("id") ON DELETE RESTRICT ON UPDATE RESTRICT;

CREATE INDEX "dx_group_creator_id" ON "management"."group" ("creator_id");
CREATE INDEX "dx_group_group_name" ON "management"."group" ("public"."unaccented_lower"("group_name"));
CREATE INDEX "dx_group_group_description" ON "management"."group" ("public"."unaccented_lower"("group_description"));
CREATE INDEX "dx_group_created_at" ON "management"."group" ("created_at");
CREATE INDEX "dx_group_updated_at" ON "management"."group" ("updated_at");

-- -----------------------------------------------------
-- Table "management"."user_role"
-- -----------------------------------------------------
CREATE TABLE "management"."user_role"
(
    "id"             UUID                        NOT NULL,
    "user_id"        UUID                        NOT NULL,
    "role_authority" VARCHAR(250)                NOT NULL,
    "created_at"     TIMESTAMP(6) WITH TIME ZONE NOT NULL,
    "updated_at"     TIMESTAMP(6) WITH TIME ZONE NOT NULL
);

ALTER TABLE "management"."user_role" ADD CONSTRAINT "pk_user_role" PRIMARY KEY ("id");

ALTER TABLE "management"."user_role" ADD CONSTRAINT "un_user_role_user_id_role_authority" UNIQUE ("user_id", "role_authority");

ALTER TABLE "management"."user_role" ADD CONSTRAINT "fk_user_role_user" FOREIGN KEY ("user_id") REFERENCES "management"."user" ("id") ON DELETE RESTRICT ON UPDATE RESTRICT;

CREATE INDEX "dx_user_role_user_id" ON "management"."user_role" ("user_id");
CREATE INDEX "dx_user_role_role_authority" ON "management"."user_role" ("role_authority");
CREATE INDEX "dx_user_role_created_at" ON "management"."user_role" ("created_at");
CREATE INDEX "dx_user_role_updated_at" ON "management"."user_role" ("updated_at");

-- -----------------------------------------------------
-- Table "management"."group_role"
-- -----------------------------------------------------
CREATE TABLE "management"."group_role"
(
    "id"             UUID                        NOT NULL,
    "group_id"       UUID                        NOT NULL,
    "role_authority" VARCHAR(250)                NOT NULL,
    "created_at"     TIMESTAMP(6) WITH TIME ZONE NOT NULL,
    "updated_at"     TIMESTAMP(6) WITH TIME ZONE NOT NULL
);

ALTER TABLE "management"."group_role" ADD CONSTRAINT "pk_group_role" PRIMARY KEY ("id");

ALTER TABLE "management"."group_role" ADD CONSTRAINT "un_group_role_group_id_role_authority" UNIQUE ("group_id", "role_authority");

ALTER TABLE "management"."group_role" ADD CONSTRAINT "fk_group_role_group" FOREIGN KEY ("group_id") REFERENCES "management"."group" ("id") ON DELETE RESTRICT ON UPDATE RESTRICT;

CREATE INDEX "dx_group_role_group_id" ON "management"."group_role" ("group_id");
CREATE INDEX "dx_group_role_role_authority" ON "management"."group_role" ("role_authority");
CREATE INDEX "dx_group_role_created_at" ON "management"."group_role" ("created_at");
CREATE INDEX "dx_group_role_updated_at" ON "management"."group_role" ("updated_at");

-- -----------------------------------------------------
-- Table "management"."user_group"
-- -----------------------------------------------------
CREATE TABLE "management"."user_group"
(
    "id"         UUID                        NOT NULL,
    "user_id"    UUID                        NOT NULL,
    "group_id"   UUID                        NOT NULL,
    "created_at" TIMESTAMP(6) WITH TIME ZONE NOT NULL,
    "updated_at" TIMESTAMP(6) WITH TIME ZONE NOT NULL
);

ALTER TABLE "management"."user_group" ADD CONSTRAINT "pk_user_group" PRIMARY KEY ("id");

ALTER TABLE "management"."user_group" ADD CONSTRAINT "un_user_group_user_id_group_id" UNIQUE ("user_id", "group_id");

ALTER TABLE "management"."user_group" ADD CONSTRAINT "fk_user_group_user" FOREIGN KEY ("user_id") REFERENCES "management"."user" ("id") ON DELETE RESTRICT ON UPDATE RESTRICT;
ALTER TABLE "management"."user_group" ADD CONSTRAINT "fk_user_group_group" FOREIGN KEY ("group_id") REFERENCES "management"."group" ("id") ON DELETE RESTRICT ON UPDATE RESTRICT;

CREATE INDEX "dx_user_group_user_id" ON "management"."user_group" ("user_id");
CREATE INDEX "dx_user_group_group_id" ON "management"."user_group" ("group_id");
CREATE INDEX "dx_user_group_created_at" ON "management"."user_group" ("created_at");
CREATE INDEX "dx_user_group_updated_at" ON "management"."user_group" ("updated_at");

INSERT INTO "management"."user" ("id", "first_name", "last_name", "main_email", "document_number", "phone_number", "profile_photo", "birth_date", "user_gender", "is_active", "creator_id", "created_at", "updated_at") VALUES ('e535818f-d44e-49f1-9eeb-e3b24a526405', 'Ana', 'Silva', 'ana.silva@email.com', '42790295719', '64928693039', null, null, null, true, 'e535818f-d44e-49f1-9eeb-e3b24a526405', '2024-05-21T21:27:40.818000+0000', '2024-05-21T21:33:19.901329+0000');
INSERT INTO "management"."user" ("id", "first_name", "last_name", "main_email", "document_number", "phone_number", "profile_photo", "birth_date", "user_gender", "is_active", "creator_id", "created_at", "updated_at") VALUES ('46678d45-e677-4b66-9869-82a1e76f2483', 'Andrea', 'Silva', 'andrea.silva@email.com', '73905287455', '63923678434', null, null, 'OTHER_GENDER', true, 'e535818f-d44e-49f1-9eeb-e3b24a526405', '2024-06-11T05:39:25.524000+0000', '2024-06-11T05:49:00.014804+0000');
INSERT INTO "management"."user" ("id", "first_name", "last_name", "main_email", "document_number", "phone_number", "profile_photo", "birth_date", "user_gender", "is_active", "creator_id", "created_at", "updated_at") VALUES ('ba0c4ea0-df86-47a9-8497-f5dfbc86afc4', 'Andréa', 'Marques', 'andrea.marques@email.com', '95565169569', null, null, null, null, true, 'e535818f-d44e-49f1-9eeb-e3b24a526405', '2024-08-17T04:30:12.999000+0000', '2024-08-17T04:42:28.925059+0000');
INSERT INTO "management"."user" ("id", "first_name", "last_name", "main_email", "document_number", "phone_number", "profile_photo", "birth_date", "user_gender", "is_active", "creator_id", "created_at", "updated_at") VALUES ('6b3f9580-2f1d-46c0-9825-97841f8c7504', 'Andréia', 'Oliveira', 'andreia.oliveira@email.com', '42984251342', null, null, '1994-12-13', 'CIS_MALE', true, 'e535818f-d44e-49f1-9eeb-e3b24a526405', '2024-04-23T04:58:23.879000+0000', '2024-04-23T05:07:42.944344+0000');
INSERT INTO "management"."user" ("id", "first_name", "last_name", "main_email", "document_number", "phone_number", "profile_photo", "birth_date", "user_gender", "is_active", "creator_id", "created_at", "updated_at") VALUES ('3005ba9c-bd00-4ddd-886e-746515d0b3b1', 'Ângela', 'Alves', 'angela.alves@email.com', '70388031239', '61938008235', null, null, 'MALE_TRANSSEXUAL', true, 'e535818f-d44e-49f1-9eeb-e3b24a526405', '2024-12-14T17:58:24.057000+0000', '2024-12-14T18:04:10.718234+0000');
INSERT INTO "management"."user" ("id", "first_name", "last_name", "main_email", "document_number", "phone_number", "profile_photo", "birth_date", "user_gender", "is_active", "creator_id", "created_at", "updated_at") VALUES ('05c55e1a-acc4-4d89-a36c-834fe48bd458', 'Ângelo', 'Ribeiro', 'angelo.ribeiro@email.com', '67709761704', '95928460463', null, '1984-03-08', 'ANDROGYNOUS_GENDER', true, 'e535818f-d44e-49f1-9eeb-e3b24a526405', '2024-10-07T09:28:13.770000+0000', '2024-10-07T09:30:42.311571+0000');
INSERT INTO "management"."user" ("id", "first_name", "last_name", "main_email", "document_number", "phone_number", "profile_photo", "birth_date", "user_gender", "is_active", "creator_id", "created_at", "updated_at") VALUES ('b6699478-e293-42b4-828c-4617864b8ec7', 'Angelo', 'Silva', 'angelo.silva@email.com', '62517158550', '88923646288', null, null, null, true, 'e535818f-d44e-49f1-9eeb-e3b24a526405', '2024-12-28T17:46:26.671000+0000', '2024-12-28T18:00:27.787116+0000');
INSERT INTO "management"."user" ("id", "first_name", "last_name", "main_email", "document_number", "phone_number", "profile_photo", "birth_date", "user_gender", "is_active", "creator_id", "created_at", "updated_at") VALUES ('472e6a00-a16d-49fd-9a83-e0c2334a91d9', 'Antonio', 'Alves', 'antonio.alves@email.com', '66282800803', '69933510256', null, '1997-10-23', 'TRANS_MALE', false, 'e535818f-d44e-49f1-9eeb-e3b24a526405', '2024-02-07T18:15:35.187000+0000', '2024-02-07T18:23:24.256762+0000');
INSERT INTO "management"."user" ("id", "first_name", "last_name", "main_email", "document_number", "phone_number", "profile_photo", "birth_date", "user_gender", "is_active", "creator_id", "created_at", "updated_at") VALUES ('11becf75-121a-4b43-ade3-6626bde70420', 'Antonio', 'Batista', 'antonio.batista@email.com', '97189559922', '41925023678', null, '1989-02-19', 'BI_GENDER', false, 'e535818f-d44e-49f1-9eeb-e3b24a526405', '2024-02-05T19:42:43.654000+0000', '2024-02-05T19:47:58.653677+0000');
INSERT INTO "management"."user" ("id", "first_name", "last_name", "main_email", "document_number", "phone_number", "profile_photo", "birth_date", "user_gender", "is_active", "creator_id", "created_at", "updated_at") VALUES ('58797939-66a6-4bf2-8e72-cbd3bf656459', 'Antonio', 'Campos', 'antonio.campos@email.com', '21203350104', '85935615874', null, null, 'NO_GENDER', false, 'e535818f-d44e-49f1-9eeb-e3b24a526405', '2024-08-03T10:59:11.158000+0000', '2024-08-03T11:10:19.612621+0000');
INSERT INTO "management"."user" ("id", "first_name", "last_name", "main_email", "document_number", "phone_number", "profile_photo", "birth_date", "user_gender", "is_active", "creator_id", "created_at", "updated_at") VALUES ('b79dc2d0-a4cc-49e5-b006-2e638cc70fb6', 'Antônio', 'Baptista', 'antonio.baptista@email.com', '84330470861', null, null, '1999-04-22', 'NON_BINARY', true, 'e535818f-d44e-49f1-9eeb-e3b24a526405', '2024-03-26T12:52:23.623000+0000', '2024-03-26T12:52:38.812044+0000');
INSERT INTO "management"."user" ("id", "first_name", "last_name", "main_email", "document_number", "phone_number", "profile_photo", "birth_date", "user_gender", "is_active", "creator_id", "created_at", "updated_at") VALUES ('750b3d62-8d4b-4cd0-9f62-82380ed16d5b', 'Antônio', 'Pereira', 'antonio.pereira@email.com', '00362925836', '35938913305', null, '1988-09-12', null, false, 'e535818f-d44e-49f1-9eeb-e3b24a526405', '2024-11-02T19:09:04.145000+0000', '2024-11-02T19:14:06.011769+0000');
INSERT INTO "management"."user" ("id", "first_name", "last_name", "main_email", "document_number", "phone_number", "profile_photo", "birth_date", "user_gender", "is_active", "creator_id", "created_at", "updated_at") VALUES ('e40e9e1b-0040-4f78-82aa-b38dbea58b3e', 'Antônio', 'Pereira', 'antonio.pereira02@email.com', '69746469339', null, null, null, 'FEMALE_TRANSSEXUAL', true, 'e535818f-d44e-49f1-9eeb-e3b24a526405', '2024-12-31T02:29:01.444000+0000', '2024-12-31T02:36:27.679265+0000');
INSERT INTO "management"."user" ("id", "first_name", "last_name", "main_email", "document_number", "phone_number", "profile_photo", "birth_date", "user_gender", "is_active", "creator_id", "created_at", "updated_at") VALUES ('1d7034a3-a974-46d1-8d0e-bf3ed6526f03', 'Débora', 'Silva', 'debora.silva@email.com', '94880991198', null, null, '1985-11-09', 'OTHER_GENDER', true, 'e535818f-d44e-49f1-9eeb-e3b24a526405', '2024-07-02T09:20:01.068000+0000', '2024-07-02T09:25:45.079265+0000');
INSERT INTO "management"."user" ("id", "first_name", "last_name", "main_email", "document_number", "phone_number", "profile_photo", "birth_date", "user_gender", "is_active", "creator_id", "created_at", "updated_at") VALUES ('7c9fe91b-e8e0-4446-b4c8-91905111a919', 'Fabio', 'Costa', 'fabio.costa@email.com', '39502208609', '83923911126', null, null, 'FEMALE_TRANSGENDER', true, 'e535818f-d44e-49f1-9eeb-e3b24a526405', '2024-11-16T01:53:08.002000+0000', '2024-11-16T01:55:29.148766+0000');
INSERT INTO "management"."user" ("id", "first_name", "last_name", "main_email", "document_number", "phone_number", "profile_photo", "birth_date", "user_gender", "is_active", "creator_id", "created_at", "updated_at") VALUES ('5e20f46e-abf2-4ea9-8d33-a26e50da015c', 'Fábio', 'Baptista', 'fabio.baptista@email.com', '26544447595', null, null, '1997-07-25', 'BI_GENDER', false, 'e535818f-d44e-49f1-9eeb-e3b24a526405', '2024-07-04T01:26:13.894000+0000', '2024-07-04T01:40:59.643528+0000');
INSERT INTO "management"."user" ("id", "first_name", "last_name", "main_email", "document_number", "phone_number", "profile_photo", "birth_date", "user_gender", "is_active", "creator_id", "created_at", "updated_at") VALUES ('1e338495-b08f-4f72-bcf9-46d2f2bd1bdc', 'Fábio', 'Oliveira', 'fabio.oliveira@email.com', '82299796266', null, null, null, 'ANDROGYNOUS_GENDER', true, 'e535818f-d44e-49f1-9eeb-e3b24a526405', '2024-06-21T10:45:10.325000+0000', '2024-06-21T11:01:18.541018+0000');
INSERT INTO "management"."user" ("id", "first_name", "last_name", "main_email", "document_number", "phone_number", "profile_photo", "birth_date", "user_gender", "is_active", "creator_id", "created_at", "updated_at") VALUES ('f792d2e0-bded-4a2a-a833-814cf6402348', 'Fabio', 'Silva', 'fabio.silva@email.com', '10656778717', '61928538773', null, '1980-10-03', null, true, 'e535818f-d44e-49f1-9eeb-e3b24a526405', '2024-01-30T23:45:22.878000+0000', '2024-01-30T23:52:15.551777+0000');
INSERT INTO "management"."user" ("id", "first_name", "last_name", "main_email", "document_number", "phone_number", "profile_photo", "birth_date", "user_gender", "is_active", "creator_id", "created_at", "updated_at") VALUES ('800659d2-2a38-479b-83ba-4e619a85cae1', 'João', 'Batista', 'joao.batista@email.com', '41109590636', null, null, null, 'TRANS_FEMALE', true, 'e535818f-d44e-49f1-9eeb-e3b24a526405', '2024-06-13T08:50:37.405000+0000', '2024-06-13T09:07:16.628159+0000');
INSERT INTO "management"."user" ("id", "first_name", "last_name", "main_email", "document_number", "phone_number", "profile_photo", "birth_date", "user_gender", "is_active", "creator_id", "created_at", "updated_at") VALUES ('bcbd4b4a-9b95-43f8-88ed-1b1dd708eda3', 'João', 'Silva', 'joao.silva@email.com', '26927602127', null, null, '1997-11-16', 'TRANS_FEMALE', true, 'e535818f-d44e-49f1-9eeb-e3b24a526405', '2024-11-19T09:41:15.638000+0000', '2024-11-19T09:53:08.705012+0000');
INSERT INTO "management"."user" ("id", "first_name", "last_name", "main_email", "document_number", "phone_number", "profile_photo", "birth_date", "user_gender", "is_active", "creator_id", "created_at", "updated_at") VALUES ('c9030de7-0197-4d6c-9814-d9c163171fec', 'João', 'Silva', 'joao.silva02@email.com', '15966986835', '85923866821', null, null, 'FEMALE_TRANSSEXUAL', false, 'e535818f-d44e-49f1-9eeb-e3b24a526405', '2024-09-03T11:42:47.795000+0000', '2024-09-03T11:52:24.751980+0000');
INSERT INTO "management"."user" ("id", "first_name", "last_name", "main_email", "document_number", "phone_number", "profile_photo", "birth_date", "user_gender", "is_active", "creator_id", "created_at", "updated_at") VALUES ('74a1ec20-6dae-470b-8010-d2486822316d', 'Jéssica', 'Baptista', 'jessica.baptista@email.com', '03448336742', null, null, null, null, false, 'e535818f-d44e-49f1-9eeb-e3b24a526405', '2024-06-10T04:28:21.104000+0000', '2024-06-10T04:41:49.968117+0000');
INSERT INTO "management"."user" ("id", "first_name", "last_name", "main_email", "document_number", "phone_number", "profile_photo", "birth_date", "user_gender", "is_active", "creator_id", "created_at", "updated_at") VALUES ('3994c8bc-8799-4bc7-8b26-b49af7fa4858', 'Jéssica', 'Santos', 'jessica.santos@email.com', '99695814492', '81923755886', null, null, null, false, 'e535818f-d44e-49f1-9eeb-e3b24a526405', '2024-09-12T07:55:16.002000+0000', '2024-09-12T08:08:39.961200+0000');
INSERT INTO "management"."user" ("id", "first_name", "last_name", "main_email", "document_number", "phone_number", "profile_photo", "birth_date", "user_gender", "is_active", "creator_id", "created_at", "updated_at") VALUES ('43393528-fbcc-4495-a303-6b4f6395871b', 'Julia', 'Batista', 'julia.batista@email.com', '58825858990', null, null, '1980-09-01', 'MALE_TRANSSEXUAL', true, 'e535818f-d44e-49f1-9eeb-e3b24a526405', '2024-05-29T01:29:10.691000+0000', '2024-05-29T01:40:35.352895+0000');
INSERT INTO "management"."user" ("id", "first_name", "last_name", "main_email", "document_number", "phone_number", "profile_photo", "birth_date", "user_gender", "is_active", "creator_id", "created_at", "updated_at") VALUES ('99aeb1ff-4580-43a4-bfc6-97803bee76e3', 'Júlia', 'Souza', 'julia.souza@email.com', '69082227215', null, null, '1998-12-12', null, true, 'e535818f-d44e-49f1-9eeb-e3b24a526405', '2024-08-01T01:48:17.683000+0000', '2024-08-01T01:54:12.800809+0000');
INSERT INTO "management"."user" ("id", "first_name", "last_name", "main_email", "document_number", "phone_number", "profile_photo", "birth_date", "user_gender", "is_active", "creator_id", "created_at", "updated_at") VALUES ('7f2c137c-72ff-4b7d-b249-09b9eea9e12c', 'Júlio', 'Baptista', 'julio.baptista@email.com', '75308886768', null, null, null, null, true, 'e535818f-d44e-49f1-9eeb-e3b24a526405', '2024-01-06T09:42:10.013000+0000', '2024-01-06T09:47:05.099037+0000');
INSERT INTO "management"."user" ("id", "first_name", "last_name", "main_email", "document_number", "phone_number", "profile_photo", "birth_date", "user_gender", "is_active", "creator_id", "created_at", "updated_at") VALUES ('99cce610-a10a-43fb-b8a4-307ae03b522c', 'Letícia', 'Campos', 'leticia.campos@email.com', '45781122257', null, null, null, null, false, 'e535818f-d44e-49f1-9eeb-e3b24a526405', '2024-07-21T19:02:00.584000+0000', '2024-07-21T19:15:25.051754+0000');
INSERT INTO "management"."user" ("id", "first_name", "last_name", "main_email", "document_number", "phone_number", "profile_photo", "birth_date", "user_gender", "is_active", "creator_id", "created_at", "updated_at") VALUES ('00168bb5-f15e-4216-b891-cf9168e7740d', 'Luís', 'Pereira', 'luis.pereira@email.com', '00593149408', '96935861127', null, '1999-03-29', null, true, 'e535818f-d44e-49f1-9eeb-e3b24a526405', '2024-11-17T10:50:53.725000+0000', '2024-11-17T11:06:14.832345+0000');
INSERT INTO "management"."user" ("id", "first_name", "last_name", "main_email", "document_number", "phone_number", "profile_photo", "birth_date", "user_gender", "is_active", "creator_id", "created_at", "updated_at") VALUES ('23aece33-b541-4cd9-8c4e-b1121347c999', 'Luís', 'Pereira', 'luis.lpereira@email.com', '95563249174', '92932268381', null, null, 'CIS_MALE', true, 'e535818f-d44e-49f1-9eeb-e3b24a526405', '2024-05-25T10:45:46.525000+0000', '2024-05-25T11:01:56.678047+0000');
INSERT INTO "management"."user" ("id", "first_name", "last_name", "main_email", "document_number", "phone_number", "profile_photo", "birth_date", "user_gender", "is_active", "creator_id", "created_at", "updated_at") VALUES ('12c2086c-ce54-4dc8-a923-a6394c43e0a7', 'Marcio', 'Silva', 'marcio.silva@email.com', '98325763426', null, null, '1991-07-14', 'ANDROGYNOUS_GENDER', true, 'e535818f-d44e-49f1-9eeb-e3b24a526405', '2024-04-17T17:44:53.517000+0000', '2024-04-17T17:52:01.248044+0000');
INSERT INTO "management"."user" ("id", "first_name", "last_name", "main_email", "document_number", "phone_number", "profile_photo", "birth_date", "user_gender", "is_active", "creator_id", "created_at", "updated_at") VALUES ('0de13556-afe6-4c65-a27e-c3596f893b17', 'Maria', 'Oliveira', 'maria.oliveira@email.com', '44072537462', null, null, '1994-10-11', 'NO_GENDER', true, 'e535818f-d44e-49f1-9eeb-e3b24a526405', '2024-06-16T14:19:44.915000+0000', '2024-06-16T14:27:43.725496+0000');
INSERT INTO "management"."user" ("id", "first_name", "last_name", "main_email", "document_number", "phone_number", "profile_photo", "birth_date", "user_gender", "is_active", "creator_id", "created_at", "updated_at") VALUES ('26c92737-962a-4823-8875-f373ab9b2fde', 'Mario', 'Santos', 'mario.santos@email.com', '23641710758', null, null, '1999-10-19', null, true, 'e535818f-d44e-49f1-9eeb-e3b24a526405', '2024-05-12T14:44:44.877000+0000', '2024-05-12T14:54:33.103385+0000');
INSERT INTO "management"."user" ("id", "first_name", "last_name", "main_email", "document_number", "phone_number", "profile_photo", "birth_date", "user_gender", "is_active", "creator_id", "created_at", "updated_at") VALUES ('f9e4afff-5aa5-433e-9a8b-8684c2d0f106', 'Márcio', 'Rodrigues', 'marcio.rodrigues@email.com', '73038257460', null, null, '1991-12-16', null, true, 'e535818f-d44e-49f1-9eeb-e3b24a526405', '2024-07-12T18:52:10.137000+0000', '2024-07-12T18:53:26.409070+0000');
INSERT INTO "management"."user" ("id", "first_name", "last_name", "main_email", "document_number", "phone_number", "profile_photo", "birth_date", "user_gender", "is_active", "creator_id", "created_at", "updated_at") VALUES ('12c3856c-5f5b-4086-b56d-7514289d1a9b', 'Márcio', 'Rodriguez', 'marcio.rodriguez@email.com', '18920333807', null, null, '1985-07-24', 'ANDROGYNOUS_GENDER', true, 'e535818f-d44e-49f1-9eeb-e3b24a526405', '2024-11-22T20:44:41.102000+0000', '2024-11-22T20:51:46.810472+0000');
INSERT INTO "management"."user" ("id", "first_name", "last_name", "main_email", "document_number", "phone_number", "profile_photo", "birth_date", "user_gender", "is_active", "creator_id", "created_at", "updated_at") VALUES ('98f61a13-3b26-4b01-80d2-bf40c4c2a717', 'Pedro', 'Campos', 'pedro.campos@email.com', '68616746722', null, null, '1985-05-11', null, true, 'e535818f-d44e-49f1-9eeb-e3b24a526405', '2024-08-09T06:48:44.237000+0000', '2024-08-09T06:55:53.423749+0000');
INSERT INTO "management"."user" ("id", "first_name", "last_name", "main_email", "document_number", "phone_number", "profile_photo", "birth_date", "user_gender", "is_active", "creator_id", "created_at", "updated_at") VALUES ('250d997d-86ce-4f16-934b-3e4c70cd577b', 'Pedro', 'Santos', 'pedro.santos@email.com', '27804001452', null, null, null, 'FEMALE_TRANSSEXUAL', true, 'e535818f-d44e-49f1-9eeb-e3b24a526405', '2024-08-30T14:49:05.844000+0000', '2024-08-30T15:00:29.436770+0000');
INSERT INTO "management"."user" ("id", "first_name", "last_name", "main_email", "document_number", "phone_number", "profile_photo", "birth_date", "user_gender", "is_active", "creator_id", "created_at", "updated_at") VALUES ('69aa6b45-1bb3-41b1-a35c-2da1a9af4992', 'Rosangela', 'Rodrigues', 'rosangela.rodrigues@email.com', '31450617042', null, null, '1981-05-22', 'ANDROGYNOUS_GENDER', false, 'e535818f-d44e-49f1-9eeb-e3b24a526405', '2024-07-31T07:53:08.528000+0000', '2024-07-31T07:59:29.805091+0000');
INSERT INTO "management"."user" ("id", "first_name", "last_name", "main_email", "document_number", "phone_number", "profile_photo", "birth_date", "user_gender", "is_active", "creator_id", "created_at", "updated_at") VALUES ('a4a6b518-3308-44e2-b053-c015dec4479a', 'Rosângela', 'Santos', 'rosangela.santos@email.com', '40284047708', null, null, null, null, true, 'e535818f-d44e-49f1-9eeb-e3b24a526405', '2024-10-18T13:40:24.007000+0000', '2024-10-18T13:56:03.346874+0000');
INSERT INTO "management"."user" ("id", "first_name", "last_name", "main_email", "document_number", "phone_number", "profile_photo", "birth_date", "user_gender", "is_active", "creator_id", "created_at", "updated_at") VALUES ('4c979e44-faf2-443f-8105-53460185be38', 'Rosângela', 'Silva', 'rosangela.silva@email.com', '07636321475', '81937312091', null, '1991-11-02', null, true, 'e535818f-d44e-49f1-9eeb-e3b24a526405', '2024-08-31T18:19:07.098000+0000', '2024-08-31T18:20:22.778111+0000');
INSERT INTO "management"."user" ("id", "first_name", "last_name", "main_email", "document_number", "phone_number", "profile_photo", "birth_date", "user_gender", "is_active", "creator_id", "created_at", "updated_at") VALUES ('4a30d740-4c40-40fb-a214-6391d6e91aca', 'Rosângela', 'Souza', 'rosangela.souza@email.com', '14002116891', '88937848352', null, '1995-12-10', 'CIS_FEMALE', false, 'e535818f-d44e-49f1-9eeb-e3b24a526405', '2024-02-07T05:06:55.688000+0000', '2024-02-07T05:18:28.679005+0000');
INSERT INTO "management"."user" ("id", "first_name", "last_name", "main_email", "document_number", "phone_number", "profile_photo", "birth_date", "user_gender", "is_active", "creator_id", "created_at", "updated_at") VALUES ('e00d9d88-a9c3-49ac-948c-1c54f1c3980d', 'Vitoria', 'Alves', 'vitoria.alves@email.com', '24580895347', '61938624159', null, '1998-06-18', 'MALE_TRANSGENDER', false, 'e535818f-d44e-49f1-9eeb-e3b24a526405', '2024-11-25T12:42:41.448000+0000', '2024-11-25T12:55:01.652040+0000');
INSERT INTO "management"."user" ("id", "first_name", "last_name", "main_email", "document_number", "phone_number", "profile_photo", "birth_date", "user_gender", "is_active", "creator_id", "created_at", "updated_at") VALUES ('788eef4e-3d1c-405c-ac74-794cb4e546bf', 'Vitoria', 'Oliveira', 'vitoria.oliveira@email.com', '33838783174', null, null, '1999-08-14', 'ANDROGYNOUS_GENDER', true, 'e535818f-d44e-49f1-9eeb-e3b24a526405', '2024-11-02T15:40:14.373000+0000', '2024-11-02T15:50:25.429429+0000');
INSERT INTO "management"."user" ("id", "first_name", "last_name", "main_email", "document_number", "phone_number", "profile_photo", "birth_date", "user_gender", "is_active", "creator_id", "created_at", "updated_at") VALUES ('94dddc64-6774-4c9d-9a86-6a5b6c06ec84', 'Vitoria', 'Pereira', 'vitoria.pereira@email.com', '64618002395', null, null, null, null, true, 'e535818f-d44e-49f1-9eeb-e3b24a526405', '2024-03-01T16:07:18.244000+0000', '2024-03-01T16:13:29.137193+0000');
INSERT INTO "management"."user" ("id", "first_name", "last_name", "main_email", "document_number", "phone_number", "profile_photo", "birth_date", "user_gender", "is_active", "creator_id", "created_at", "updated_at") VALUES ('d37f5e72-f5fc-4bd6-9797-344daa11d1fd', 'Vitória', 'Batista', 'vitoria.batista@email.com', '98667959936', '53925893671', null, '1990-12-31', 'CIS_FEMALE', true, 'e535818f-d44e-49f1-9eeb-e3b24a526405', '2024-01-31T07:18:44.269000+0000', '2024-01-31T07:30:40.870038+0000');
INSERT INTO "management"."user" ("id", "first_name", "last_name", "main_email", "document_number", "phone_number", "profile_photo", "birth_date", "user_gender", "is_active", "creator_id", "created_at", "updated_at") VALUES ('8f7882b9-84b3-4960-96c0-cae1796c9d27', 'Vitória', 'Souza', 'vitoria.souza@email.com', '07112673674', '48922356706', null, null, 'NO_GENDER', false, 'e535818f-d44e-49f1-9eeb-e3b24a526405', '2024-03-11T05:52:31.222000+0000', '2024-03-11T05:55:57.154768+0000');

INSERT INTO "management"."user_role" ("id", "user_id", "role_authority", "created_at", "updated_at") VALUES ('d85b5e0d-97df-4eb8-bca6-8922800fc0d0', 'e535818f-d44e-49f1-9eeb-e3b24a526405', 'MASTER', NOW(), NOW());
INSERT INTO "management"."user_role" ("id", "user_id", "role_authority", "created_at", "updated_at") VALUES ('bfc0a537-5d57-46b6-8d85-2bfcdbbd2fa6', 'e535818f-d44e-49f1-9eeb-e3b24a526405', 'ROLE_USER_READ', NOW(), NOW());
INSERT INTO "management"."user_role" ("id", "user_id", "role_authority", "created_at", "updated_at") VALUES ('fbf7861c-728d-466c-88ec-9987cf731cfe', 'e535818f-d44e-49f1-9eeb-e3b24a526405', 'ROLE_USER_CREATE', NOW(), NOW());
INSERT INTO "management"."user_role" ("id", "user_id", "role_authority", "created_at", "updated_at") VALUES ('a74c9af2-edcb-4c44-8a7e-190466802bb5', 'e535818f-d44e-49f1-9eeb-e3b24a526405', 'ROLE_USER_UPDATE', NOW(), NOW());
INSERT INTO "management"."user_role" ("id", "user_id", "role_authority", "created_at", "updated_at") VALUES ('49acf04d-3f3d-441c-ba65-ff77b72cc92e', '46678d45-e677-4b66-9869-82a1e76f2483', 'ROLE_GROUP_READ', NOW(), NOW());
INSERT INTO "management"."user_role" ("id", "user_id", "role_authority", "created_at", "updated_at") VALUES ('b5d6451c-f09f-4d57-9bcc-e2c68c659965', '46678d45-e677-4b66-9869-82a1e76f2483', 'ROLE_GROUP_CREATE', NOW(), NOW());
INSERT INTO "management"."user_role" ("id", "user_id", "role_authority", "created_at", "updated_at") VALUES ('18badd38-88c9-4159-8508-2f5c5e36ad65', 'ba0c4ea0-df86-47a9-8497-f5dfbc86afc4', 'ROLE_GROUP_UPDATE', NOW(), NOW());
INSERT INTO "management"."user_role" ("id", "user_id", "role_authority", "created_at", "updated_at") VALUES ('dd6d2410-40e2-4ce6-9ba4-ae12e3ebca8f', 'ba0c4ea0-df86-47a9-8497-f5dfbc86afc4', 'ROLE_GROUP_DELETE', NOW(), NOW());
INSERT INTO "management"."user_role" ("id", "user_id", "role_authority", "created_at", "updated_at") VALUES ('bd8972b4-a4a3-4b58-8e6a-04dcb98683cf', 'ba0c4ea0-df86-47a9-8497-f5dfbc86afc4', 'MASTER', NOW(), NOW());
INSERT INTO "management"."user_role" ("id", "user_id", "role_authority", "created_at", "updated_at") VALUES ('43af6ac9-9ca9-469c-b327-3b216413af5d', 'ba0c4ea0-df86-47a9-8497-f5dfbc86afc4', 'ROLE_USER_READ', NOW(), NOW());
INSERT INTO "management"."user_role" ("id", "user_id", "role_authority", "created_at", "updated_at") VALUES ('7f5cd136-b7ad-4b39-b2b2-0af2b568b165', 'ba0c4ea0-df86-47a9-8497-f5dfbc86afc4', 'ROLE_USER_CREATE', NOW(), NOW());
INSERT INTO "management"."user_role" ("id", "user_id", "role_authority", "created_at", "updated_at") VALUES ('2e69911f-d9c7-48a0-87c2-c2b3c262b467', 'ba0c4ea0-df86-47a9-8497-f5dfbc86afc4', 'ROLE_USER_UPDATE', NOW(), NOW());
INSERT INTO "management"."user_role" ("id", "user_id", "role_authority", "created_at", "updated_at") VALUES ('50a20c13-2901-4e83-b877-e3680b8aa9d5', '6b3f9580-2f1d-46c0-9825-97841f8c7504', 'ROLE_GROUP_READ', NOW(), NOW());
INSERT INTO "management"."user_role" ("id", "user_id", "role_authority", "created_at", "updated_at") VALUES ('221a5a74-3016-477b-b712-60c8def5003c', '6b3f9580-2f1d-46c0-9825-97841f8c7504', 'ROLE_GROUP_CREATE', NOW(), NOW());
INSERT INTO "management"."user_role" ("id", "user_id", "role_authority", "created_at", "updated_at") VALUES ('168cf1d4-0fe1-4a01-8a83-5c93e552ba50', '3005ba9c-bd00-4ddd-886e-746515d0b3b1', 'ROLE_GROUP_UPDATE', NOW(), NOW());
INSERT INTO "management"."user_role" ("id", "user_id", "role_authority", "created_at", "updated_at") VALUES ('29c2a4fe-1472-46e1-b6d1-67d44f0dee52', '3005ba9c-bd00-4ddd-886e-746515d0b3b1', 'ROLE_GROUP_DELETE', NOW(), NOW());
INSERT INTO "management"."user_role" ("id", "user_id", "role_authority", "created_at", "updated_at") VALUES ('a878519d-4c8c-4eaf-83a0-8e10edd54464', '3005ba9c-bd00-4ddd-886e-746515d0b3b1', 'MASTER', NOW(), NOW());
INSERT INTO "management"."user_role" ("id", "user_id", "role_authority", "created_at", "updated_at") VALUES ('fbb31992-781d-467e-9589-3b56c22fac81', '05c55e1a-acc4-4d89-a36c-834fe48bd458', 'ROLE_USER_READ', NOW(), NOW());
INSERT INTO "management"."user_role" ("id", "user_id", "role_authority", "created_at", "updated_at") VALUES ('c38a4317-4bb7-4cd9-9770-1538ea90813f', '05c55e1a-acc4-4d89-a36c-834fe48bd458', 'ROLE_USER_CREATE', NOW(), NOW());
INSERT INTO "management"."user_role" ("id", "user_id", "role_authority", "created_at", "updated_at") VALUES ('48cc6ae4-f47f-48a4-9ffd-4c01142b9d90', 'b6699478-e293-42b4-828c-4617864b8ec7', 'ROLE_USER_UPDATE', NOW(), NOW());
INSERT INTO "management"."user_role" ("id", "user_id", "role_authority", "created_at", "updated_at") VALUES ('2eeefe30-83de-49f0-89c8-4a3a33187449', 'b6699478-e293-42b4-828c-4617864b8ec7', 'ROLE_GROUP_READ', NOW(), NOW());
INSERT INTO "management"."user_role" ("id", "user_id", "role_authority", "created_at", "updated_at") VALUES ('a5b1ca54-ab2d-4396-96c7-4a6e7989eec6', '472e6a00-a16d-49fd-9a83-e0c2334a91d9', 'ROLE_GROUP_CREATE', NOW(), NOW());
INSERT INTO "management"."user_role" ("id", "user_id", "role_authority", "created_at", "updated_at") VALUES ('428eaab9-83bb-478f-9d80-c75d0ee3d525', '472e6a00-a16d-49fd-9a83-e0c2334a91d9', 'ROLE_GROUP_UPDATE', NOW(), NOW());
INSERT INTO "management"."user_role" ("id", "user_id", "role_authority", "created_at", "updated_at") VALUES ('8bb95f79-58df-43d9-a126-3713b2a0d779', '11becf75-121a-4b43-ade3-6626bde70420', 'ROLE_GROUP_DELETE', NOW(), NOW());
INSERT INTO "management"."user_role" ("id", "user_id", "role_authority", "created_at", "updated_at") VALUES ('44c51546-ea8a-4aa7-b4e1-139c9899484b', '11becf75-121a-4b43-ade3-6626bde70420', 'MASTER', NOW(), NOW());
INSERT INTO "management"."user_role" ("id", "user_id", "role_authority", "created_at", "updated_at") VALUES ('879505a8-07d9-47ff-b690-1ef18343b451', '58797939-66a6-4bf2-8e72-cbd3bf656459', 'ROLE_USER_READ', NOW(), NOW());
INSERT INTO "management"."user_role" ("id", "user_id", "role_authority", "created_at", "updated_at") VALUES ('9f11da6e-f888-4919-bee8-58dcf46ecd71', '58797939-66a6-4bf2-8e72-cbd3bf656459', 'ROLE_USER_CREATE', NOW(), NOW());
INSERT INTO "management"."user_role" ("id", "user_id", "role_authority", "created_at", "updated_at") VALUES ('c7035556-abd5-412a-ab05-1d98842a7954', 'b79dc2d0-a4cc-49e5-b006-2e638cc70fb6', 'ROLE_USER_UPDATE', NOW(), NOW());
INSERT INTO "management"."user_role" ("id", "user_id", "role_authority", "created_at", "updated_at") VALUES ('700dab5d-1b3f-4b7e-b60d-1515e08e00a1', 'b79dc2d0-a4cc-49e5-b006-2e638cc70fb6', 'ROLE_GROUP_READ', NOW(), NOW());
INSERT INTO "management"."user_role" ("id", "user_id", "role_authority", "created_at", "updated_at") VALUES ('e6c54071-62b3-4939-b958-e731a1bd6636', '750b3d62-8d4b-4cd0-9f62-82380ed16d5b', 'ROLE_GROUP_CREATE', NOW(), NOW());
INSERT INTO "management"."user_role" ("id", "user_id", "role_authority", "created_at", "updated_at") VALUES ('5345cabf-0d35-441e-8741-a608f2f1a1a7', '750b3d62-8d4b-4cd0-9f62-82380ed16d5b', 'ROLE_GROUP_UPDATE', NOW(), NOW());
INSERT INTO "management"."user_role" ("id", "user_id", "role_authority", "created_at", "updated_at") VALUES ('a48a932d-0d9e-4bf7-b478-de9b1e99457c', 'e40e9e1b-0040-4f78-82aa-b38dbea58b3e', 'ROLE_GROUP_DELETE', NOW(), NOW());
INSERT INTO "management"."user_role" ("id", "user_id", "role_authority", "created_at", "updated_at") VALUES ('dd1a377f-1f41-4197-b160-77f2b85a6a03', 'e40e9e1b-0040-4f78-82aa-b38dbea58b3e', 'MASTER', NOW(), NOW());
INSERT INTO "management"."user_role" ("id", "user_id", "role_authority", "created_at", "updated_at") VALUES ('789f8f9c-ef5b-4e63-9bf5-2a917279904a', '1d7034a3-a974-46d1-8d0e-bf3ed6526f03', 'ROLE_USER_READ', NOW(), NOW());
INSERT INTO "management"."user_role" ("id", "user_id", "role_authority", "created_at", "updated_at") VALUES ('58d3b216-42e6-47c3-891f-06b4c91e5229', '1d7034a3-a974-46d1-8d0e-bf3ed6526f03', 'ROLE_USER_CREATE', NOW(), NOW());
INSERT INTO "management"."user_role" ("id", "user_id", "role_authority", "created_at", "updated_at") VALUES ('898742bf-9542-48fb-ad1d-fb7beaef52a5', '7c9fe91b-e8e0-4446-b4c8-91905111a919', 'ROLE_USER_UPDATE', NOW(), NOW());
INSERT INTO "management"."user_role" ("id", "user_id", "role_authority", "created_at", "updated_at") VALUES ('c26ac9fb-15d3-4f45-8a1a-4aba9e235140', '7c9fe91b-e8e0-4446-b4c8-91905111a919', 'ROLE_GROUP_READ', NOW(), NOW());
INSERT INTO "management"."user_role" ("id", "user_id", "role_authority", "created_at", "updated_at") VALUES ('b620682d-68a8-4c8b-bc06-09b030cd96f9', '5e20f46e-abf2-4ea9-8d33-a26e50da015c', 'ROLE_GROUP_CREATE', NOW(), NOW());
INSERT INTO "management"."user_role" ("id", "user_id", "role_authority", "created_at", "updated_at") VALUES ('09b40ac6-9520-4919-847b-410187815d77', '5e20f46e-abf2-4ea9-8d33-a26e50da015c', 'ROLE_GROUP_UPDATE', NOW(), NOW());

INSERT INTO "management"."user" ("id", "first_name", "last_name", "main_email", "document_number", "phone_number", "profile_photo", "birth_date", "user_gender", "is_active", "creator_id", "created_at", "updated_at") VALUES ('1fe77dab-243a-4060-8f5c-8c0b3aab6fb5', 'User', 'Creator', 'user.creator@email.com', '10775576042', '16988776655', null, '1990-04-28', 'CIS_MALE', true, '1fe77dab-243a-4060-8f5c-8c0b3aab6fb5', NOW(), NOW());

INSERT INTO "management"."group"("id", "group_name", "group_description", "is_active", "creator_id", "created_at", "updated_at") VALUES ('8659fca6-f0c2-4e78-9653-e8b2b2257882', 'Administração', 'Grupo do departamento de administração', true, '1fe77dab-243a-4060-8f5c-8c0b3aab6fb5', '2024-05-21T21:27:40.818000+0000', '2024-05-21T21:33:19.901329+0000');
INSERT INTO "management"."group"("id", "group_name", "group_description", "is_active", "creator_id", "created_at", "updated_at") VALUES ('14e0794f-2eab-48fd-b1e8-fe7dba869feb', 'Recursos Humanos', 'Setor dos recursos humanos', true, '1fe77dab-243a-4060-8f5c-8c0b3aab6fb5', '2024-06-11T05:39:25.524000+0000', '2024-06-11T05:49:00.014804+0000');
INSERT INTO "management"."group"("id", "group_name", "group_description", "is_active", "creator_id", "created_at", "updated_at") VALUES ('f8cb77d0-c324-4fd0-afcb-c04d916dc90c', 'Financeiro', 'Departamento financeiro da empresa', true, '1fe77dab-243a-4060-8f5c-8c0b3aab6fb5', '2024-08-17T04:30:12.999000+0000', '2024-08-17T04:42:28.925059+0000');
INSERT INTO "management"."group"("id", "group_name", "group_description", "is_active", "creator_id", "created_at", "updated_at") VALUES ('26c0cc8c-0389-4726-a459-5b6f5e69828c', 'Contábil', 'Setor contábil', true, '1fe77dab-243a-4060-8f5c-8c0b3aab6fb5', '2024-04-23T04:58:23.879000+0000', '2024-04-23T05:07:42.944344+0000');
INSERT INTO "management"."group"("id", "group_name", "group_description", "is_active", "creator_id", "created_at", "updated_at") VALUES ('bdd28f05-cab5-41e1-b9cc-edf74e0c14d3', 'Marketing', 'Grupo de marketing', true, '1fe77dab-243a-4060-8f5c-8c0b3aab6fb5', '2024-12-14T17:58:24.057000+0000', '2024-12-14T18:04:10.718234+0000');
INSERT INTO "management"."group"("id", "group_name", "group_description", "is_active", "creator_id", "created_at", "updated_at") VALUES ('16fbdc96-85b1-41f2-84ba-7fd5ca4225b2', 'Vendas', 'Setor de venda da produção da empresa', true, '1fe77dab-243a-4060-8f5c-8c0b3aab6fb5', '2024-10-07T09:28:13.770000+0000', '2024-10-07T09:30:42.311571+0000');
INSERT INTO "management"."group"("id", "group_name", "group_description", "is_active", "creator_id", "created_at", "updated_at") VALUES ('7e0ca235-4ab2-4906-a47d-ff668fd0f7c3', 'Produção', 'Produção de items da empresa', true, '1fe77dab-243a-4060-8f5c-8c0b3aab6fb5', '2024-12-28T17:46:26.671000+0000', '2024-12-28T18:00:27.787116+0000');
INSERT INTO "management"."group"("id", "group_name", "group_description", "is_active", "creator_id", "created_at", "updated_at") VALUES ('6f6d1d01-4fbf-47b0-9bb5-d4a92a8752cb', 'Logística', 'Departamento de logística', true, '1fe77dab-243a-4060-8f5c-8c0b3aab6fb5', '2024-02-07T18:15:35.187000+0000', '2024-02-07T18:23:24.256762+0000');
INSERT INTO "management"."group"("id", "group_name", "group_description", "is_active", "creator_id", "created_at", "updated_at") VALUES ('520beec6-b1db-49cc-875c-cf268df466d5', 'Tecnologia da Informação', 'Departamento de tecnologia da informação e afins', true, '1fe77dab-243a-4060-8f5c-8c0b3aab6fb5', '2024-02-05T19:42:43.654000+0000', '2024-02-05T19:47:58.653677+0000');
INSERT INTO "management"."group"("id", "group_name", "group_description", "is_active", "creator_id", "created_at", "updated_at") VALUES ('89b9b796-402b-43d5-8175-d5c4d8e5016a', 'Jurídico', 'Setor legal e jurídico', true, '1fe77dab-243a-4060-8f5c-8c0b3aab6fb5', '2024-08-03T10:59:11.158000+0000', '2024-08-03T11:10:19.612621+0000');
INSERT INTO "management"."group"("id", "group_name", "group_description", "is_active", "creator_id", "created_at", "updated_at") VALUES ('1f9eb118-11a9-4068-9e64-0e2a37f417f8', 'Pesquisa', 'Setor de pesquisas empresariais', true, '1fe77dab-243a-4060-8f5c-8c0b3aab6fb5', '2024-03-26T12:52:23.623000+0000', '2024-03-26T12:52:38.812044+0000');
INSERT INTO "management"."group"("id", "group_name", "group_description", "is_active", "creator_id", "created_at", "updated_at") VALUES ('b72d6443-b331-4de1-a9aa-e489659b0e8b', 'Compras', 'Departamento de compras externas', true, '1fe77dab-243a-4060-8f5c-8c0b3aab6fb5', '2024-11-02T19:09:04.145000+0000', '2024-11-02T19:14:06.011769+0000');
INSERT INTO "management"."group"("id", "group_name", "group_description", "is_active", "creator_id", "created_at", "updated_at") VALUES ('b2abc97e-e90b-46b2-af2f-6c5667447b70', 'Suprimentos', 'Departamento de compras internas', true, '1fe77dab-243a-4060-8f5c-8c0b3aab6fb5', '2024-12-31T02:29:01.444000+0000', '2024-12-31T02:36:27.679265+0000');
INSERT INTO "management"."group"("id", "group_name", "group_description", "is_active", "creator_id", "created_at", "updated_at") VALUES ('0299d12f-c99b-4ce7-ab06-46fa7ce69ff1', 'Atendimento ao Cliente', 'SAC do cliente', true, '1fe77dab-243a-4060-8f5c-8c0b3aab6fb5', '2024-07-02T09:20:01.068000+0000', '2024-07-02T09:25:45.079265+0000');
INSERT INTO "management"."group"("id", "group_name", "group_description", "is_active", "creator_id", "created_at", "updated_at") VALUES ('b08f9651-8c2f-416a-a5f2-0687d6642fa6', 'Manutenção', 'Departamento de manutenções', true, '1fe77dab-243a-4060-8f5c-8c0b3aab6fb5', '2024-11-16T01:53:08.002000+0000', '2024-11-16T01:55:29.148766+0000');
INSERT INTO "management"."group"("id", "group_name", "group_description", "is_active", "creator_id", "created_at", "updated_at") VALUES ('a7be8d34-7b39-471e-a7b7-099bedca5ec6', 'Atendimento ao Colaborador', 'Grupo de apoio ao Colaborador', true, '1fe77dab-243a-4060-8f5c-8c0b3aab6fb5', '2024-07-04T01:26:13.894000+0000', '2024-07-04T01:40:59.643528+0000');
INSERT INTO "management"."group"("id", "group_name", "group_description", "is_active", "creator_id", "created_at", "updated_at") VALUES ('f984c4f6-fa99-4618-a097-b3f4f3859a51', 'Relações Públicas', null, true, '1fe77dab-243a-4060-8f5c-8c0b3aab6fb5', '2024-06-21T10:45:10.325000+0000', '2024-06-21T11:01:18.541018+0000');
INSERT INTO "management"."group"("id", "group_name", "group_description", "is_active", "creator_id", "created_at", "updated_at") VALUES ('cab49b5a-8ede-45a7-affd-4925f478c8ef', 'Sistema de Atendimento ao Consumidor', 'S.A.C. da empresa', true, '1fe77dab-243a-4060-8f5c-8c0b3aab6fb5', '2024-01-30T23:45:22.878000+0000', '2024-01-30T23:52:15.551777+0000');
INSERT INTO "management"."group"("id", "group_name", "group_description", "is_active", "creator_id", "created_at", "updated_at") VALUES ('245d5a56-5f6f-415e-b362-a1f4249d407d', 'Setor Comercial', null, true, '1fe77dab-243a-4060-8f5c-8c0b3aab6fb5', '2024-06-13T08:50:37.405000+0000', '2024-06-13T09:07:16.628159+0000');
INSERT INTO "management"."group"("id", "group_name", "group_description", "is_active", "creator_id", "created_at", "updated_at") VALUES ('a1728bca-267b-4f79-819e-3ed4a8daf7a5', 'Setor de Segurança', null, true, '1fe77dab-243a-4060-8f5c-8c0b3aab6fb5', '2024-11-19T09:41:15.638000+0000', '2024-11-19T09:53:08.705012+0000');
INSERT INTO "management"."group"("id", "group_name", "group_description", "is_active", "creator_id", "created_at", "updated_at") VALUES ('637a37b4-47fb-4840-8a0d-1f649c080737', 'Diretoria', 'Diretores da Empresa', true, '1fe77dab-243a-4060-8f5c-8c0b3aab6fb5', '2024-09-03T11:42:47.795000+0000', '2024-09-03T11:52:24.751980+0000');
INSERT INTO "management"."group"("id", "group_name", "group_description", "is_active", "creator_id", "created_at", "updated_at") VALUES ('4dfbd699-67a4-480c-8ce8-66de287361c4', 'Gestores Tecnógicos', null, true, '1fe77dab-243a-4060-8f5c-8c0b3aab6fb5', '2024-06-10T04:28:21.104000+0000', '2024-06-10T04:41:49.968117+0000');
INSERT INTO "management"."group"("id", "group_name", "group_description", "is_active", "creator_id", "created_at", "updated_at") VALUES ('fc320435-48d1-4c01-9fa1-60f865495043', 'Gestores Comerciais', null, true, '1fe77dab-243a-4060-8f5c-8c0b3aab6fb5', '2024-09-12T07:55:16.002000+0000', '2024-09-12T08:08:39.961200+0000');
INSERT INTO "management"."group"("id", "group_name", "group_description", "is_active", "creator_id", "created_at", "updated_at") VALUES ('6098701c-e36a-4c50-8b23-338411ba8808', 'Gestores de Vendas', null, true, '1fe77dab-243a-4060-8f5c-8c0b3aab6fb5', '2024-05-29T01:29:10.691000+0000', '2024-05-29T01:40:35.352895+0000');
INSERT INTO "management"."group"("id", "group_name", "group_description", "is_active", "creator_id", "created_at", "updated_at") VALUES ('591ec026-dca7-483c-a8be-af95bfc8dafc', 'Gerentes Regionais Norte', 'Gerentes da Região Norte', true, '1fe77dab-243a-4060-8f5c-8c0b3aab6fb5', '2024-08-01T01:48:17.683000+0000', '2024-08-01T01:54:12.800809+0000');
INSERT INTO "management"."group"("id", "group_name", "group_description", "is_active", "creator_id", "created_at", "updated_at") VALUES ('c7330798-0c3f-49aa-8a12-d94f6a33084d', 'Gerentes Regionais Nordeste', 'Gerentes da Região Nordeste', false, '1fe77dab-243a-4060-8f5c-8c0b3aab6fb5', '2024-01-06T09:42:10.013000+0000', '2024-01-06T09:47:05.099037+0000');
INSERT INTO "management"."group"("id", "group_name", "group_description", "is_active", "creator_id", "created_at", "updated_at") VALUES ('0d812141-87fd-4c92-839e-733975fa599a', 'Gerentes Regionais Centro-Oeste', 'Gerentes da Região Centro-Oeste', false, '1fe77dab-243a-4060-8f5c-8c0b3aab6fb5', '2024-07-21T19:02:00.584000+0000', '2024-07-21T19:15:25.051754+0000');
INSERT INTO "management"."group"("id", "group_name", "group_description", "is_active", "creator_id", "created_at", "updated_at") VALUES ('2f9d857c-5d23-4d45-b817-c1dccd5cc9c9', 'Gerentes Regionais Sudeste', 'Gerentes da Região Sudeste', false, '1fe77dab-243a-4060-8f5c-8c0b3aab6fb5', '2024-11-17T10:50:53.725000+0000', '2024-11-17T11:06:14.832345+0000');
INSERT INTO "management"."group"("id", "group_name", "group_description", "is_active", "creator_id", "created_at", "updated_at") VALUES ('d01d802a-c19d-401f-af03-9b227ab1bd9f', 'Gerentes Regionais Sul', 'Gerentes da Região Sul', false, '1fe77dab-243a-4060-8f5c-8c0b3aab6fb5', '2024-05-25T10:45:46.525000+0000', '2024-05-25T11:01:56.678047+0000');
INSERT INTO "management"."group"("id", "group_name", "group_description", "is_active", "creator_id", "created_at", "updated_at") VALUES ('2b957528-9193-44e2-9858-3fdfaf57fdb0', 'Pesquisa de Mercado', null, false, '1fe77dab-243a-4060-8f5c-8c0b3aab6fb5', '2024-04-17T17:44:53.517000+0000', '2024-04-17T17:52:01.248044+0000');
INSERT INTO "management"."group"("id", "group_name", "group_description", "is_active", "creator_id", "created_at", "updated_at") VALUES ('dce115e5-669e-4048-b471-de5cb50266ca', 'Pesquisas Técnológicas', null, false, '1fe77dab-243a-4060-8f5c-8c0b3aab6fb5', '2024-06-16T14:19:44.915000+0000', '2024-06-16T14:27:43.725496+0000');
INSERT INTO "management"."group"("id", "group_name", "group_description", "is_active", "creator_id", "created_at", "updated_at") VALUES ('770c6291-258e-487b-9558-b4a96c8a5489', 'Pesquisa de Novos Produtos', null, false, '1fe77dab-243a-4060-8f5c-8c0b3aab6fb5', '2024-05-12T14:44:44.877000+0000', '2024-05-12T14:54:33.103385+0000');
INSERT INTO "management"."group"("id", "group_name", "group_description", "is_active", "creator_id", "created_at", "updated_at") VALUES ('63bd9d90-9a19-4dd5-85f6-3d32f62b2e4b', 'Pesquisa de Satisfação', null, false, '1fe77dab-243a-4060-8f5c-8c0b3aab6fb5', '2024-07-12T18:52:10.137000+0000', '2024-07-12T18:53:26.409070+0000');
INSERT INTO "management"."group"("id", "group_name", "group_description", "is_active", "creator_id", "created_at", "updated_at") VALUES ('2af0aafe-ce12-4ef6-a92e-0884fa85cedf', 'Setor Operacional', 'Setor de Operações da Empresa', false, '1fe77dab-243a-4060-8f5c-8c0b3aab6fb5', '2024-11-22T20:44:41.102000+0000', '2024-11-22T20:51:46.810472+0000');
INSERT INTO "management"."group"("id", "group_name", "group_description", "is_active", "creator_id", "created_at", "updated_at") VALUES ('19065052-e325-48dd-a694-4bca82131762', 'Operações Internas', 'Operações Internas da Empresa', false, '1fe77dab-243a-4060-8f5c-8c0b3aab6fb5', '2024-08-09T06:48:44.237000+0000', '2024-08-09T06:55:53.423749+0000');
INSERT INTO "management"."group"("id", "group_name", "group_description", "is_active", "creator_id", "created_at", "updated_at") VALUES ('51034ef7-7c75-4e97-9dfc-ecb5086de5f6', 'Operações Externas', 'Operações Externas da Empresa', false, '1fe77dab-243a-4060-8f5c-8c0b3aab6fb5', '2024-08-30T14:49:05.844000+0000', '2024-08-30T15:00:29.436770+0000');
INSERT INTO "management"."group"("id", "group_name", "group_description", "is_active", "creator_id", "created_at", "updated_at") VALUES ('d0203bd1-31cf-4985-bdf3-02a2839e926a', 'Operações Especiais', 'Operações Especiais da Empresa', false, '1fe77dab-243a-4060-8f5c-8c0b3aab6fb5', '2024-07-31T07:53:08.528000+0000', '2024-07-31T07:59:29.805091+0000');
INSERT INTO "management"."group"("id", "group_name", "group_description", "is_active", "creator_id", "created_at", "updated_at") VALUES ('d35aedb5-27d1-446b-8cbc-a1e4395c0ff1', 'Cobranças', null, false, '1fe77dab-243a-4060-8f5c-8c0b3aab6fb5', '2024-10-18T13:40:24.007000+0000', '2024-10-18T13:56:03.346874+0000');
INSERT INTO "management"."group"("id", "group_name", "group_description", "is_active", "creator_id", "created_at", "updated_at") VALUES ('eb781cdb-9907-4699-bcfa-66e2037c0fcc', 'Gestão de Recursos Internos', null, false, '1fe77dab-243a-4060-8f5c-8c0b3aab6fb5', '2024-08-31T18:19:07.098000+0000', '2024-08-31T18:20:22.778111+0000');
INSERT INTO "management"."group"("id", "group_name", "group_description", "is_active", "creator_id", "created_at", "updated_at") VALUES ('f5b2a78d-ad7e-4045-bb06-c2b79881f2a1', 'Gestão de Recursos Externos', null, false, '1fe77dab-243a-4060-8f5c-8c0b3aab6fb5', '2024-02-07T05:06:55.688000+0000', '2024-02-07T05:18:28.679005+0000');
INSERT INTO "management"."group"("id", "group_name", "group_description", "is_active", "creator_id", "created_at", "updated_at") VALUES ('3c0d2f68-9de6-4427-bb27-4261416ae99f', 'Contábil e Fiscal', null, false, '1fe77dab-243a-4060-8f5c-8c0b3aab6fb5', '2024-11-25T12:42:41.448000+0000', '2024-11-25T12:55:01.652040+0000');
INSERT INTO "management"."group"("id", "group_name", "group_description", "is_active", "creator_id", "created_at", "updated_at") VALUES ('d6f1e3f0-a324-4dba-a73d-2651fdf737d7', 'Funcionários', 'Grupo Geral dos Funcionários', false, '1fe77dab-243a-4060-8f5c-8c0b3aab6fb5', '2024-11-02T15:40:14.373000+0000', '2024-11-02T15:50:25.429429+0000');
INSERT INTO "management"."group"("id", "group_name", "group_description", "is_active", "creator_id", "created_at", "updated_at") VALUES ('56adc836-3243-4df2-857e-4185edb4e625', 'Gestão Ambiental', 'Gestão Ambiental dos Recursos', false, '1fe77dab-243a-4060-8f5c-8c0b3aab6fb5', '2024-03-01T16:07:18.244000+0000', '2024-03-01T16:13:29.137193+0000');
INSERT INTO "management"."group"("id", "group_name", "group_description", "is_active", "creator_id", "created_at", "updated_at") VALUES ('948a69a6-be75-4a0f-bff1-33195dc12794', 'Execução Orçamentária', 'Execução dos Orçamentos Aprovados', false, '1fe77dab-243a-4060-8f5c-8c0b3aab6fb5', '2024-01-31T07:18:44.269000+0000', '2024-01-31T07:30:40.870038+0000');
INSERT INTO "management"."group"("id", "group_name", "group_description", "is_active", "creator_id", "created_at", "updated_at") VALUES ('939488b4-6fc4-49cd-96d7-2197c7bd1205', 'Avaliadores de Processo', 'Avaliação dos Processos Executados', false, '1fe77dab-243a-4060-8f5c-8c0b3aab6fb5', '2024-03-11T05:52:31.222000+0000', '2024-03-11T05:55:57.154768+0000');

INSERT INTO "management"."group_role" ("id", "group_id", "role_authority", "created_at", "updated_at") VALUES ('cb9a58de-f5de-4983-a8d5-df71faf145c9', '8659fca6-f0c2-4e78-9653-e8b2b2257882', 'MASTER', NOW(), NOW());
INSERT INTO "management"."group_role" ("id", "group_id", "role_authority", "created_at", "updated_at") VALUES ('8d4995c1-0b13-4121-933a-b44ec899545e', '14e0794f-2eab-48fd-b1e8-fe7dba869feb', 'ROLE_USER_READ', NOW(), NOW());
INSERT INTO "management"."group_role" ("id", "group_id", "role_authority", "created_at", "updated_at") VALUES ('3888a779-007f-4364-a781-e0d54cc7c05e', 'f8cb77d0-c324-4fd0-afcb-c04d916dc90c', 'ROLE_USER_CREATE', NOW(), NOW());
INSERT INTO "management"."group_role" ("id", "group_id", "role_authority", "created_at", "updated_at") VALUES ('887aa06d-bf38-4d8e-8faf-265cad3d8962', '26c0cc8c-0389-4726-a459-5b6f5e69828c', 'ROLE_USER_UPDATE', NOW(), NOW());
INSERT INTO "management"."group_role" ("id", "group_id", "role_authority", "created_at", "updated_at") VALUES ('0fee285b-3baf-4551-ba17-3ad7673b9fd5', 'bdd28f05-cab5-41e1-b9cc-edf74e0c14d3', 'ROLE_GROUP_READ', NOW(), NOW());
INSERT INTO "management"."group_role" ("id", "group_id", "role_authority", "created_at", "updated_at") VALUES ('3656b535-2288-4e33-8e66-2239162b9430', '16fbdc96-85b1-41f2-84ba-7fd5ca4225b2', 'ROLE_GROUP_CREATE', NOW(), NOW());
INSERT INTO "management"."group_role" ("id", "group_id", "role_authority", "created_at", "updated_at") VALUES ('55b3edc9-6470-42fb-bb28-797e2b7017ab', '7e0ca235-4ab2-4906-a47d-ff668fd0f7c3', 'ROLE_GROUP_UPDATE', NOW(), NOW());
INSERT INTO "management"."group_role" ("id", "group_id", "role_authority", "created_at", "updated_at") VALUES ('9177cebe-a98b-449e-8475-5d31ea4ced6a', '6f6d1d01-4fbf-47b0-9bb5-d4a92a8752cb', 'ROLE_GROUP_DELETE', NOW(), NOW());
INSERT INTO "management"."group_role" ("id", "group_id", "role_authority", "created_at", "updated_at") VALUES ('d711ec33-9437-473e-8196-29808a1eb622', '520beec6-b1db-49cc-875c-cf268df466d5', 'MASTER', NOW(), NOW());
INSERT INTO "management"."group_role" ("id", "group_id", "role_authority", "created_at", "updated_at") VALUES ('27188461-a24f-4c3f-afdc-a5ae5a6c4d7e', '89b9b796-402b-43d5-8175-d5c4d8e5016a', 'ROLE_USER_READ', NOW(), NOW());
INSERT INTO "management"."group_role" ("id", "group_id", "role_authority", "created_at", "updated_at") VALUES ('c245fda0-0bd0-464c-8063-1b21629213a6', '1f9eb118-11a9-4068-9e64-0e2a37f417f8', 'ROLE_USER_CREATE', NOW(), NOW());
INSERT INTO "management"."group_role" ("id", "group_id", "role_authority", "created_at", "updated_at") VALUES ('49c8b9bd-0380-40f8-81ab-2118778e7a01', 'b72d6443-b331-4de1-a9aa-e489659b0e8b', 'ROLE_USER_UPDATE', NOW(), NOW());
INSERT INTO "management"."group_role" ("id", "group_id", "role_authority", "created_at", "updated_at") VALUES ('36fd87ab-9517-4637-bcb8-06fc6247523b', 'b2abc97e-e90b-46b2-af2f-6c5667447b70', 'ROLE_GROUP_READ', NOW(), NOW());
INSERT INTO "management"."group_role" ("id", "group_id", "role_authority", "created_at", "updated_at") VALUES ('26da50d6-b5e6-4104-8c56-777db8738fc5', '0299d12f-c99b-4ce7-ab06-46fa7ce69ff1', 'ROLE_GROUP_CREATE', NOW(), NOW());
INSERT INTO "management"."group_role" ("id", "group_id", "role_authority", "created_at", "updated_at") VALUES ('164b92c8-77a3-498e-9f54-4c1677048f2d', 'b08f9651-8c2f-416a-a5f2-0687d6642fa6', 'ROLE_GROUP_UPDATE', NOW(), NOW());
INSERT INTO "management"."group_role" ("id", "group_id", "role_authority", "created_at", "updated_at") VALUES ('8f55b238-c6fe-4583-be24-52e0c95376d8', '8659fca6-f0c2-4e78-9653-e8b2b2257882', 'ROLE_GROUP_DELETE', NOW(), NOW());
INSERT INTO "management"."group_role" ("id", "group_id", "role_authority", "created_at", "updated_at") VALUES ('83a57b50-c467-46de-89f7-a013cddaad01', '14e0794f-2eab-48fd-b1e8-fe7dba869feb', 'MASTER', NOW(), NOW());
INSERT INTO "management"."group_role" ("id", "group_id", "role_authority", "created_at", "updated_at") VALUES ('05bec903-5c38-4cbd-97e9-2f1bcd9af6cd', 'f8cb77d0-c324-4fd0-afcb-c04d916dc90c', 'ROLE_USER_READ', NOW(), NOW());
INSERT INTO "management"."group_role" ("id", "group_id", "role_authority", "created_at", "updated_at") VALUES ('fc3414fc-9e7f-4ab5-98c6-8049577df97a', '26c0cc8c-0389-4726-a459-5b6f5e69828c', 'ROLE_USER_CREATE', NOW(), NOW());
INSERT INTO "management"."group_role" ("id", "group_id", "role_authority", "created_at", "updated_at") VALUES ('3988a776-4e04-4323-8870-b1deaea93411', 'bdd28f05-cab5-41e1-b9cc-edf74e0c14d3', 'ROLE_USER_UPDATE', NOW(), NOW());
INSERT INTO "management"."group_role" ("id", "group_id", "role_authority", "created_at", "updated_at") VALUES ('b2793e33-fe6e-4a9d-9a1c-e4f8a846361e', '16fbdc96-85b1-41f2-84ba-7fd5ca4225b2', 'ROLE_GROUP_READ', NOW(), NOW());
INSERT INTO "management"."group_role" ("id", "group_id", "role_authority", "created_at", "updated_at") VALUES ('736befee-f23b-47d5-9222-f6ba6e38a249', '7e0ca235-4ab2-4906-a47d-ff668fd0f7c3', 'ROLE_GROUP_CREATE', NOW(), NOW());
INSERT INTO "management"."group_role" ("id", "group_id", "role_authority", "created_at", "updated_at") VALUES ('d38544c7-cfc8-4ad1-b40c-d709154dc403', '6f6d1d01-4fbf-47b0-9bb5-d4a92a8752cb', 'ROLE_GROUP_UPDATE', NOW(), NOW());
INSERT INTO "management"."group_role" ("id", "group_id", "role_authority", "created_at", "updated_at") VALUES ('382ec33e-791a-4264-b2c4-404e9e5ea258', '520beec6-b1db-49cc-875c-cf268df466d5', 'ROLE_GROUP_DELETE', NOW(), NOW());
INSERT INTO "management"."group_role" ("id", "group_id", "role_authority", "created_at", "updated_at") VALUES ('73237a13-d289-4cd5-a384-794067ef98a1', '89b9b796-402b-43d5-8175-d5c4d8e5016a', 'MASTER', NOW(), NOW());
INSERT INTO "management"."group_role" ("id", "group_id", "role_authority", "created_at", "updated_at") VALUES ('b8728660-00b4-4cdd-9b2a-e670a74a26a8', '1f9eb118-11a9-4068-9e64-0e2a37f417f8', 'ROLE_USER_READ', NOW(), NOW());
INSERT INTO "management"."group_role" ("id", "group_id", "role_authority", "created_at", "updated_at") VALUES ('c823d476-4ff3-4230-a731-97b4929f0696', 'b72d6443-b331-4de1-a9aa-e489659b0e8b', 'ROLE_USER_CREATE', NOW(), NOW());
INSERT INTO "management"."group_role" ("id", "group_id", "role_authority", "created_at", "updated_at") VALUES ('c6601f0e-6389-453b-a5e4-d608f06a594a', 'b2abc97e-e90b-46b2-af2f-6c5667447b70', 'ROLE_USER_UPDATE', NOW(), NOW());
INSERT INTO "management"."group_role" ("id", "group_id", "role_authority", "created_at", "updated_at") VALUES ('919e1858-93a8-417d-bb67-3102d4088604', '0299d12f-c99b-4ce7-ab06-46fa7ce69ff1', 'ROLE_GROUP_READ', NOW(), NOW());
INSERT INTO "management"."group_role" ("id", "group_id", "role_authority", "created_at", "updated_at") VALUES ('0dfcdb30-4f32-4233-9d5c-0a4394a3587c', 'b08f9651-8c2f-416a-a5f2-0687d6642fa6', 'ROLE_GROUP_CREATE', NOW(), NOW());
INSERT INTO "management"."group_role" ("id", "group_id", "role_authority", "created_at", "updated_at") VALUES ('b611c17a-8a08-4322-93ac-07b7885937ef', 'bdd28f05-cab5-41e1-b9cc-edf74e0c14d3', 'ROLE_GROUP_UPDATE', NOW(), NOW());
INSERT INTO "management"."group_role" ("id", "group_id", "role_authority", "created_at", "updated_at") VALUES ('3e8d3fb7-df62-4b3c-bd93-8e219644c0a9', '16fbdc96-85b1-41f2-84ba-7fd5ca4225b2', 'ROLE_GROUP_DELETE', NOW(), NOW());
INSERT INTO "management"."group_role" ("id", "group_id", "role_authority", "created_at", "updated_at") VALUES ('a18879b2-ae16-45fd-aa78-3b4f0f949011', '7e0ca235-4ab2-4906-a47d-ff668fd0f7c3', 'MASTER', NOW(), NOW());
INSERT INTO "management"."group_role" ("id", "group_id", "role_authority", "created_at", "updated_at") VALUES ('e6e73182-bb8e-4a22-91ec-d19563803d77', '6f6d1d01-4fbf-47b0-9bb5-d4a92a8752cb', 'ROLE_USER_READ', NOW(), NOW());
INSERT INTO "management"."group_role" ("id", "group_id", "role_authority", "created_at", "updated_at") VALUES ('3a13a53c-3b19-4597-912e-378864f9ae13', '520beec6-b1db-49cc-875c-cf268df466d5', 'ROLE_USER_CREATE', NOW(), NOW());
INSERT INTO "management"."group_role" ("id", "group_id", "role_authority", "created_at", "updated_at") VALUES ('d82c6bcf-91e5-4cd9-87de-8049a52963dd', '89b9b796-402b-43d5-8175-d5c4d8e5016a', 'ROLE_USER_UPDATE', NOW(), NOW());
INSERT INTO "management"."group_role" ("id", "group_id", "role_authority", "created_at", "updated_at") VALUES ('efae4f85-3665-4141-8356-fab3824dd75b', '1f9eb118-11a9-4068-9e64-0e2a37f417f8', 'ROLE_GROUP_READ', NOW(), NOW());
INSERT INTO "management"."group_role" ("id", "group_id", "role_authority", "created_at", "updated_at") VALUES ('73d71249-465c-4aeb-b36b-a6210b2f7453', 'b72d6443-b331-4de1-a9aa-e489659b0e8b', 'ROLE_GROUP_CREATE', NOW(), NOW());
INSERT INTO "management"."group_role" ("id", "group_id", "role_authority", "created_at", "updated_at") VALUES ('83fdc6ee-5881-43d9-9d7f-71cf9af918b1', 'b2abc97e-e90b-46b2-af2f-6c5667447b70', 'ROLE_GROUP_UPDATE', NOW(), NOW());

INSERT INTO "management"."user_group" ("id", "user_id", "group_id", "created_at", "updated_at") VALUES ('a9d3545c-fff7-4c6d-b87c-d08fdd1422b1', '750b3d62-8d4b-4cd0-9f62-82380ed16d5b', 'b72d6443-b331-4de1-a9aa-e489659b0e8b', NOW(), NOW());
INSERT INTO "management"."user_group" ("id", "user_id", "group_id", "created_at", "updated_at") VALUES ('6c4d6708-f7e9-46b6-aa06-90865ecf21dc', '750b3d62-8d4b-4cd0-9f62-82380ed16d5b', 'b2abc97e-e90b-46b2-af2f-6c5667447b70', NOW(), NOW());
INSERT INTO "management"."user_group" ("id", "user_id", "group_id", "created_at", "updated_at") VALUES ('5b500a9b-7352-4de3-a627-1f1b7ec50232', '750b3d62-8d4b-4cd0-9f62-82380ed16d5b', '0299d12f-c99b-4ce7-ab06-46fa7ce69ff1', NOW(), NOW());
INSERT INTO "management"."user_group" ("id", "user_id", "group_id", "created_at", "updated_at") VALUES ('a6fd4cdc-a87a-47b6-bc95-fc8bb58038a2', 'e40e9e1b-0040-4f78-82aa-b38dbea58b3e', 'b08f9651-8c2f-416a-a5f2-0687d6642fa6', NOW(), NOW());
INSERT INTO "management"."user_group" ("id", "user_id", "group_id", "created_at", "updated_at") VALUES ('35e05f14-097d-4a1f-a2aa-3b3b07e5f1aa', 'e40e9e1b-0040-4f78-82aa-b38dbea58b3e', 'a7be8d34-7b39-471e-a7b7-099bedca5ec6', NOW(), NOW());
INSERT INTO "management"."user_group" ("id", "user_id", "group_id", "created_at", "updated_at") VALUES ('c0dfbf20-4997-4f44-879c-a7b9d38cc511', 'e40e9e1b-0040-4f78-82aa-b38dbea58b3e', 'f984c4f6-fa99-4618-a097-b3f4f3859a51', NOW(), NOW());
INSERT INTO "management"."user_group" ("id", "user_id", "group_id", "created_at", "updated_at") VALUES ('96ec3bb2-5894-4be2-ac05-337bc303e37c', '1d7034a3-a974-46d1-8d0e-bf3ed6526f03', 'cab49b5a-8ede-45a7-affd-4925f478c8ef', NOW(), NOW());
INSERT INTO "management"."user_group" ("id", "user_id", "group_id", "created_at", "updated_at") VALUES ('02fd4ab5-6d5a-4ae8-b68f-b8feb593d354', '1d7034a3-a974-46d1-8d0e-bf3ed6526f03', '245d5a56-5f6f-415e-b362-a1f4249d407d', NOW(), NOW());
INSERT INTO "management"."user_group" ("id", "user_id", "group_id", "created_at", "updated_at") VALUES ('500f1a86-3edb-4a1f-8ff1-72e48acb04c3', '7c9fe91b-e8e0-4446-b4c8-91905111a919', 'a1728bca-267b-4f79-819e-3ed4a8daf7a5', NOW(), NOW());
INSERT INTO "management"."user_group" ("id", "user_id", "group_id", "created_at", "updated_at") VALUES ('747d17fe-7178-4b60-b34d-ecac4c7d0018', '5e20f46e-abf2-4ea9-8d33-a26e50da015c', '637a37b4-47fb-4840-8a0d-1f649c080737', NOW(), NOW());
INSERT INTO "management"."user_group" ("id", "user_id", "group_id", "created_at", "updated_at") VALUES ('4bbddd30-6a47-4078-a870-25f270d02f87', '5e20f46e-abf2-4ea9-8d33-a26e50da015c', '4dfbd699-67a4-480c-8ce8-66de287361c4', NOW(), NOW());
INSERT INTO "management"."user_group" ("id", "user_id", "group_id", "created_at", "updated_at") VALUES ('c59f1cbd-a635-4b49-b6ee-cf11752cb0d9', '5e20f46e-abf2-4ea9-8d33-a26e50da015c', 'fc320435-48d1-4c01-9fa1-60f865495043', NOW(), NOW());
INSERT INTO "management"."user_group" ("id", "user_id", "group_id", "created_at", "updated_at") VALUES ('6cb06712-b36a-45a9-b712-7fb67d61eeae', '1e338495-b08f-4f72-bcf9-46d2f2bd1bdc', '6098701c-e36a-4c50-8b23-338411ba8808', NOW(), NOW());
INSERT INTO "management"."user_group" ("id", "user_id", "group_id", "created_at", "updated_at") VALUES ('4c394b91-f741-4bf7-a869-5974727d2724', '1e338495-b08f-4f72-bcf9-46d2f2bd1bdc', '591ec026-dca7-483c-a8be-af95bfc8dafc', NOW(), NOW());
INSERT INTO "management"."user_group" ("id", "user_id", "group_id", "created_at", "updated_at") VALUES ('7c051399-a1aa-4815-8629-4b1196a2c479', '1e338495-b08f-4f72-bcf9-46d2f2bd1bdc', 'c7330798-0c3f-49aa-8a12-d94f6a33084d', NOW(), NOW());
INSERT INTO "management"."user_group" ("id", "user_id", "group_id", "created_at", "updated_at") VALUES ('3c387861-f58c-4b32-b0fc-a3d0db09189d', 'f792d2e0-bded-4a2a-a833-814cf6402348', '0d812141-87fd-4c92-839e-733975fa599a', NOW(), NOW());
INSERT INTO "management"."user_group" ("id", "user_id", "group_id", "created_at", "updated_at") VALUES ('dd372208-3f3b-40d0-8904-4ff86c5ee48a', 'f792d2e0-bded-4a2a-a833-814cf6402348', '2f9d857c-5d23-4d45-b817-c1dccd5cc9c9', NOW(), NOW());
INSERT INTO "management"."user_group" ("id", "user_id", "group_id", "created_at", "updated_at") VALUES ('03499e0e-86d9-43ad-a9d1-beda84bb69e3', 'f792d2e0-bded-4a2a-a833-814cf6402348', 'd01d802a-c19d-401f-af03-9b227ab1bd9f', NOW(), NOW());
INSERT INTO "management"."user_group" ("id", "user_id", "group_id", "created_at", "updated_at") VALUES ('0a8f974d-3f8e-4224-9400-1b7b5ad6ab4e', '800659d2-2a38-479b-83ba-4e619a85cae1', '2b957528-9193-44e2-9858-3fdfaf57fdb0', NOW(), NOW());
INSERT INTO "management"."user_group" ("id", "user_id", "group_id", "created_at", "updated_at") VALUES ('7adc3a3b-c7e1-48f9-8a3e-19e5238b0220', '800659d2-2a38-479b-83ba-4e619a85cae1', 'dce115e5-669e-4048-b471-de5cb50266ca', NOW(), NOW());
INSERT INTO "management"."user_group" ("id", "user_id", "group_id", "created_at", "updated_at") VALUES ('6074d9e0-e0c0-452f-b4e6-2f81b41202e4', '800659d2-2a38-479b-83ba-4e619a85cae1', '770c6291-258e-487b-9558-b4a96c8a5489', NOW(), NOW());
INSERT INTO "management"."user_group" ("id", "user_id", "group_id", "created_at", "updated_at") VALUES ('4c8c7b9f-b671-4b49-b675-c254f82b34c2', 'bcbd4b4a-9b95-43f8-88ed-1b1dd708eda3', '63bd9d90-9a19-4dd5-85f6-3d32f62b2e4b', NOW(), NOW());
INSERT INTO "management"."user_group" ("id", "user_id", "group_id", "created_at", "updated_at") VALUES ('cfd898d2-6408-436f-8817-45ed186d9762', 'c9030de7-0197-4d6c-9814-d9c163171fec', '2af0aafe-ce12-4ef6-a92e-0884fa85cedf', NOW(), NOW());
INSERT INTO "management"."user_group" ("id", "user_id", "group_id", "created_at", "updated_at") VALUES ('e51ccd24-e27f-4f9a-9194-133ffdfa39dd', 'c9030de7-0197-4d6c-9814-d9c163171fec', '19065052-e325-48dd-a694-4bca82131762', NOW(), NOW());
INSERT INTO "management"."user_group" ("id", "user_id", "group_id", "created_at", "updated_at") VALUES ('8ed0ba17-07b0-44f0-8dd2-afd8d70461a1', 'c9030de7-0197-4d6c-9814-d9c163171fec', '51034ef7-7c75-4e97-9dfc-ecb5086de5f6', NOW(), NOW());
INSERT INTO "management"."user_group" ("id", "user_id", "group_id", "created_at", "updated_at") VALUES ('a7f8fad6-2989-4b05-aad6-af039c8c08f7', '74a1ec20-6dae-470b-8010-d2486822316d', 'cab49b5a-8ede-45a7-affd-4925f478c8ef', NOW(), NOW());
INSERT INTO "management"."user_group" ("id", "user_id", "group_id", "created_at", "updated_at") VALUES ('d8f1d894-f041-476a-8002-57c98af6e9cf', '74a1ec20-6dae-470b-8010-d2486822316d', '245d5a56-5f6f-415e-b362-a1f4249d407d', NOW(), NOW());
INSERT INTO "management"."user_group" ("id", "user_id", "group_id", "created_at", "updated_at") VALUES ('27ffa4ef-048b-4133-8baa-3363a09eeb05', '74a1ec20-6dae-470b-8010-d2486822316d', 'a1728bca-267b-4f79-819e-3ed4a8daf7a5', NOW(), NOW());
INSERT INTO "management"."user_group" ("id", "user_id", "group_id", "created_at", "updated_at") VALUES ('21be6bf5-d764-4d2c-a386-a7852edcc7de', '3994c8bc-8799-4bc7-8b26-b49af7fa4858', '637a37b4-47fb-4840-8a0d-1f649c080737', NOW(), NOW());
INSERT INTO "management"."user_group" ("id", "user_id", "group_id", "created_at", "updated_at") VALUES ('0c07c591-f893-4a12-9621-9660b4a12bac', '43393528-fbcc-4495-a303-6b4f6395871b', '4dfbd699-67a4-480c-8ce8-66de287361c4', NOW(), NOW());
INSERT INTO "management"."user_group" ("id", "user_id", "group_id", "created_at", "updated_at") VALUES ('4e095500-8988-4160-b010-73ff25cc29be', '43393528-fbcc-4495-a303-6b4f6395871b', 'fc320435-48d1-4c01-9fa1-60f865495043', NOW(), NOW());
INSERT INTO "management"."user_group" ("id", "user_id", "group_id", "created_at", "updated_at") VALUES ('6e13bb17-1572-406c-b826-503188d98210', '43393528-fbcc-4495-a303-6b4f6395871b', '6098701c-e36a-4c50-8b23-338411ba8808', NOW(), NOW());
INSERT INTO "management"."user_group" ("id", "user_id", "group_id", "created_at", "updated_at") VALUES ('72882b0a-851a-4907-acf8-6616047611ad', '99aeb1ff-4580-43a4-bfc6-97803bee76e3', '591ec026-dca7-483c-a8be-af95bfc8dafc', NOW(), NOW());
INSERT INTO "management"."user_group" ("id", "user_id", "group_id", "created_at", "updated_at") VALUES ('10ae6590-017d-490a-8198-c5c64b8d2e93', '99aeb1ff-4580-43a4-bfc6-97803bee76e3', 'c7330798-0c3f-49aa-8a12-d94f6a33084d', NOW(), NOW());
INSERT INTO "management"."user_group" ("id", "user_id", "group_id", "created_at", "updated_at") VALUES ('6d58a91d-c043-4227-9b09-a2cc456e850d', '7f2c137c-72ff-4b7d-b249-09b9eea9e12c', 'cab49b5a-8ede-45a7-affd-4925f478c8ef', NOW(), NOW());
INSERT INTO "management"."user_group" ("id", "user_id", "group_id", "created_at", "updated_at") VALUES ('c26335b6-be23-452b-b67e-c11ee25393c4', '7f2c137c-72ff-4b7d-b249-09b9eea9e12c', '245d5a56-5f6f-415e-b362-a1f4249d407d', NOW(), NOW());
INSERT INTO "management"."user_group" ("id", "user_id", "group_id", "created_at", "updated_at") VALUES ('096715e2-7430-4bba-8ede-fb890e548282', '7f2c137c-72ff-4b7d-b249-09b9eea9e12c', 'a1728bca-267b-4f79-819e-3ed4a8daf7a5', NOW(), NOW());
